{
  "best_model": "M2_LogisticRegression",
  "evaluation_metrics": {
    "M0_Baseline": {
      "ROC-AUC": 0.5,
      "PR-AUC": 0.25916333128580726,
      "F1": 0.6305461960620614,
      "Accuracy": 0.7408366687141927,
      "Denial_Precision": 0.0,
      "Denial_Recall": 0.0,
      "Denial_F1": 0.0,
      "Train_Time_s": 0.02030801773071289,
      "Confusion": {
        "TP": 0,
        "FP": 0,
        "FN": 397442,
        "TN": 1136116
      }
    },
    "M1_NaiveBayes": {
      "ROC-AUC": 0.9985931761546037,
      "PR-AUC": 0.9936873709433506,
      "F1": 0.9916705548841228,
      "Accuracy": 0.9916957819658598,
      "Denial_Precision": 0.9930484888409278,
      "Denial_Recall": 0.9747812259398856,
      "Denial_F1": 0.9838300703553831,
      "Train_Time_s": 40.46693205833435,
      "Confusion": {
        "TP": 387419,
        "FP": 2712,
        "FN": 10023,
        "TN": 1133404
      }
    },
    "M2_LogisticRegression": {
      "ROC-AUC": 0.9996495143086985,
      "PR-AUC": 0.9988378713322092,
      "F1": 0.9936824388692094,
      "Accuracy": 0.9936820126790118,
      "Denial_Precision": 0.987608367055912,
      "Denial_Recall": 0.9880183775242677,
      "Denial_F1": 0.9878133297444559,
      "Train_Time_s": 642.5356585979462,
      "Confusion": {
        "TP": 392680,
        "FP": 4927,
        "FN": 4762,
        "TN": 1131189
      }
    },
    "M3_LinearSVM": {
      "ROC-AUC": 0.9994405792840687,
      "PR-AUC": 0.9976738682748728,
      "F1": 0.9942425449350488,
      "Accuracy": 0.994250625017117,
      "Denial_Precision": 0.9931401336443072,
      "Denial_Recall": 0.9846166233060422,
      "Denial_F1": 0.9888600116491656,
      "Train_Time_s": 188.09689021110535,
      "Confusion": {
        "TP": 391328,
        "FP": 2703,
        "FN": 6114,
        "TN": 1133413
      }
    },
    "M4_DecisionTree": {
      "ROC-AUC": 0.9994436900346768,
      "PR-AUC": 0.9982228655999213,
      "F1": 0.993839499473004,
      "Accuracy": 0.9938359031741871,
      "Denial_Precision": 0.9863565596066919,
      "Denial_Recall": 0.9899079614132377,
      "Denial_F1": 0.9881290695265066,
      "Train_Time_s": 437.12099385261536,
      "Confusion": {
        "TP": 393431,
        "FP": 5442,
        "FN": 4011,
        "TN": 1130674
      }
    }
  },
  "bootstrap_confidence_intervals": {
    "M2_LogisticRegression": {
      "pr_auc_mean": 0.9988352439167039,
      "pr_auc_std": 4.3545636104453735e-05,
      "pr_auc_ci_lower": 0.9987500487214525,
      "pr_auc_ci_upper": 0.9989087325961301,
      "roc_auc_mean": 0.9996489515348728,
      "roc_auc_ci_lower": 0.9996264726512114,
      "roc_auc_ci_upper": 0.9996682720088778,
      "pr_scores": [
        0.9989026042291324,
        0.9988454181590957,
        0.9988049080265604,
        0.9988236164693743,
        0.9988346527733009,
        0.9988586141079052,
        0.9988801836655361,
        0.9988779570980187,
        0.9988398490842639,
        0.9988623277961929,
        0.998832721101507,
        0.998775008000543,
        0.9988896901163531,
        0.9989088282861093,
        0.9988101258897204,
        0.9988547642835607,
        0.9988137496536759,
        0.9987554638037212,
        0.9988081274432183,
        0.9987834234372545,
        0.998835209780616,
        0.998895730306308,
        0.9988407139394669,
        0.9987650427057684,
        0.9987901126893151,
        0.9989245323404844,
        0.9988701623736305,
        0.9988798847945752,
        0.9988445026259136,
        0.9988355217844,
        0.9988135461098996,
        0.9987484766007938,
        0.9987934495140458,
        0.9989084029973129,
        0.9988224829555692,
        0.9988312053046465,
        0.998800716522618,
        0.9988470890005136,
        0.998845822239875,
        0.9988879211675826,
        0.9988064715948541,
        0.9988178938275042,
        0.9987288180903157,
        0.998830222238624,
        0.9987932046047254,
        0.9988449408348443,
        0.998881486122338,
        0.9988694409912487,
        0.998797562493252,
        0.9988495958591155
      ],
      "roc_scores": [
        0.9996683235944765,
        0.9996461916370228,
        0.9996445226366106,
        0.99964353741279,
        0.9996482722466045,
        0.9996467979014831,
        0.9996578815382544,
        0.9996533248410004,
        0.9996520359964477,
        0.9996589020847594,
        0.9996541240762616,
        0.9996322068333361,
        0.999660040836204,
        0.9996680943251486,
        0.9996473799619752,
        0.9996520229668501,
        0.9996424425134516,
        0.9996350664584024,
        0.9996378035353178,
        0.9996327641886004,
        0.9996459789827097,
        0.9996679589486429,
        0.9996576504701677,
        0.9996380722921623,
        0.9996368378975258,
        0.9996700089965584,
        0.9996616877779536,
        0.9996535010306549,
        0.9996521083388501,
        0.999649210243533,
        0.9996519124417516,
        0.9996224208178337,
        0.9996369887093317,
        0.9996665245937865,
        0.999651711297191,
        0.9996569292677258,
        0.9996401108430698,
        0.999644188971035,
        0.9996467914292991,
        0.9996649119472265,
        0.9996365658396084,
        0.999638258735698,
        0.999624807888659,
        0.9996522986102315,
        0.999638043116137,
        0.999659456204801,
        0.9996587878718984,
        0.9996588935177341,
        0.9996377390498011,
        0.999645485027056
      ]
    },
    "M4_DecisionTree": {
      "pr_auc_mean": 0.998224713135744,
      "pr_auc_std": 5.5414360755074334e-05,
      "pr_auc_ci_lower": 0.9981310128662234,
      "pr_auc_ci_upper": 0.9983595731665555,
      "roc_auc_mean": 0.9994446462379196,
      "roc_auc_ci_lower": 0.9994263241250874,
      "roc_auc_ci_upper": 0.9994706104455452,
      "pr_scores": [
        0.9981805787890478,
        0.9982232483736634,
        0.9982091550276262,
        0.9981269699689955,
        0.9983168450716621,
        0.9981449384011196,
        0.998252149809904,
        0.9982695819904851,
        0.9981889486355882,
        0.9983098086667951,
        0.9981994757251811,
        0.9982310278357859,
        0.9983719780973311,
        0.9982477753113637,
        0.998211016767864,
        0.9982340248618696,
        0.9981547544295595,
        0.9982700397181837,
        0.9981943444578006,
        0.9981494315682592,
        0.9982408280013971,
        0.9982084881631687,
        0.9981833304483083,
        0.9982448448846669,
        0.9982431846209403,
        0.9982806295816707,
        0.9982369163504293,
        0.9982444699773323,
        0.9982734172056774,
        0.9982511128601996,
        0.9982695084107581,
        0.998255904049959,
        0.9981051600068143,
        0.9982121825998945,
        0.9982603757242128,
        0.9982078448918712,
        0.9981527292276748,
        0.9981983009472042,
        0.99818073671877,
        0.9982614225772113,
        0.9981789399084903,
        0.9981640052466781,
        0.9981863059200413,
        0.9982168576370494,
        0.9982396803315641,
        0.9982713661682197,
        0.9982086671895889,
        0.9983875284409851,
        0.9981569829100734,
        0.9982278422782603
      ],