{
  "M0_Baseline": {
    "ROC-AUC": 0.5,
    "PR-AUC": 0.25916333128580726,
    "F1": 0.6305461960620614,
    "Accuracy": 0.7408366687141927,
    "Denial_Precision": 0.0,
    "Denial_Recall": 0.0,
    "Denial_F1": 0.0,
    "Train_Time_s": 0.02030801773071289,
    "Confusion": {
      "TP": 0,
      "FP": 0,
      "FN": 397442,
      "TN": 1136116
    }
  },
  "M1_NaiveBayes": {
    "ROC-AUC": 0.9985931761546037,
    "PR-AUC": 0.9936873709433506,
    "F1": 0.9916705548841228,
    "Accuracy": 0.9916957819658598,
    "Denial_Precision": 0.9930484888409278,
    "Denial_Recall": 0.9747812259398856,
    "Denial_F1": 0.9838300703553831,
    "Train_Time_s": 40.46693205833435,
    "Confusion": {
      "TP": 387419,
      "FP": 2712,
      "FN": 10023,
      "TN": 1133404
    }
  },
  "M2_LogisticRegression": {
    "ROC-AUC": 0.9996495143086985,
    "PR-AUC": 0.9988378713322092,
    "F1": 0.9936824388692094,
    "Accuracy": 0.9936820126790118,
    "Denial_Precision": 0.987608367055912,
    "Denial_Recall": 0.9880183775242677,
    "Denial_F1": 0.9878133297444559,
    "Train_Time_s": 642.5356585979462,
    "Confusion": {
      "TP": 392680,
      "FP": 4927,
      "FN": 4762,
      "TN": 1131189
    }
  },
  "M3_LinearSVM": {
    "ROC-AUC": 0.9994405792840687,
    "PR-AUC": 0.9976738682748728,
    "F1": 0.9942425449350488,
    "Accuracy": 0.994250625017117,
    "Denial_Precision": 0.9931401336443072,
    "Denial_Recall": 0.9846166233060422,
    "Denial_F1": 0.9888600116491656,
    "Train_Time_s": 188.09689021110535,
    "Confusion": {
      "TP": 391328,
      "FP": 2703,
      "FN": 6114,
      "TN": 1133413
    }
  },
  "M4_DecisionTree": {
    "ROC-AUC": 0.9994436900346768,
    "PR-AUC": 0.9982228655999213,
    "F1": 0.993839499473004,
    "Accuracy": 0.9938359031741871,
    "Denial_Precision": 0.9863565596066919,
    "Denial_Recall": 0.9899079614132377,
    "Denial_F1": 0.9881290695265066,
    "Train_Time_s": 437.12099385261536,
    "Confusion": {
      "TP": 393431,
      "FP": 5442,
      "FN": 4011,
      "TN": 1130674
    }
  }
}